Name	Sample	coef_post	coef_surg	pval_post	pval_surg	n_PRE	n_POST	n_SURG
BPmed_byGroup	B	-0.31360255459711	-0.16761146853627	0.00190547190225074	0.0971187860101867	170	349	171
