Name	Sample	coef_post	coef_surg	pval_post	pval_surg	n_PRE	n_POST	n_SURG
BPmed_byGroup	B	-0.305940500744192	-0.318784946465462	0.00660007529641365	0.00501627290661501	192	398	194
