Name	Sample	coef_post	coef_surg	pval_post	pval_surg	n_PRE	n_POST	n_SURG
BPmed_byGroup	B	-0.315848233117409	-0.171568482921489	0.00176979972931236	0.0894329170295387	170	349	171
