Menopause_group	Sample_size	Age_mean	Age_sd	Age_min	Age_max	Age_menopause_mean	Age_menopause_sd	Time_since_menopause_mean	Time_since_menopause_sd	Income_counts	HRT_counts
PRE	674	51.0430267062315	2.88711649274385	45	77					46, 103, 190, 250, 85	674, 0
POST	7852	62.6775343861437	6.59129006404729	47	81	50.5369332654101	4.56588627286763	12.1406011207336	7.77612144653955	1039, 2272, 2362, 1685, 494	5319, 2533
SURG	1086	64.2780847145488	6.82095027071608	47	79	48.4208103130755	8.10249376682297	15.8572744014733	9.09402384068554	158, 345, 344, 186, 53	267, 819
