Menopause_group	Sample_size	Age_mean	Age_sd	Age_min	Age_max	Age_menopause_mean	Age_menopause_sd	Time_since_menopause_mean	Time_since_menopause_sd	Income_counts	HRT_counts
PRE	759	51.1528326745718	2.96822917672811	45	77					55, 110, 209, 290, 95	759, 0
POST	10243	63.3493117250805	6.70187074880229	47	81	50.48179244362	4.61166594937457	12.8675192814605	7.95706615181014	1481, 3009, 3076, 2085, 592	6793, 3450
SURG	1285	64.823346303502	6.79511573321601	47	80	48.9494163424125	8.37886527079035	15.8739299610895	9.21969552403106	208, 423, 390, 207, 57	337, 948
