Menopause_group	Sample_size	Age_mean	Age_sd	Age_min	Age_max	Age_menopause_mean	Age_menopause_sd	Time_since_menopause_mean	Time_since_menopause_sd	Income_counts	HRT_counts
PRE	235	52.6595744680851	2.28967018623611	47	59					46, 103, 190, 250, 85	674, 0
POST	478	53.7259414225941	2.83253718979504	47	59	49.4037656903766	3.81464496226982	4.32217573221757	3.94946721381969	1039, 2272, 2362, 1685, 494	5319, 2533
SURG	243	54.7572016460905	2.92797485729573	47	59	45.3909465020576	6.14556888083007	9.36625514403292	6.3096421334326	158, 345, 344, 186, 53	267, 819
