Menopause_group	Sample_size	Age_mean	Age_sd	Age_min	Age_max	Age_menopause_mean	Age_menopause_sd	Time_since_menopause_mean	Time_since_menopause_sd	Income_counts	HRT_counts
PRE	243	52.7942386831276	2.41355669630237	47	59					55, 110, 209, 290, 95	759, 0
POST	498	53.8955823293173	2.89402711109755	47	59	49.4618473895582	4.05589098855845	4.43373493975904	3.88991195221693	1481, 3009, 3076, 2085, 592	6793, 3450
SURG	255	54.9450980392157	2.92775973352999	47	59	45.6470588235294	6.17852366680347	9.29803921568628	6.40538313827224	208, 423, 390, 207, 57	337, 948
