Menopause_group	Sample_size	Age_mean	Age_sd	Age_min	Age_max	Age_menopause_mean	Age_menopause_sd	Time_since_menopause_mean	Time_since_menopause_sd	Income_counts	HRT_counts
PRE	148	53	2.48259245671182	47	59					55, 110, 209, 290, 95	759, 0
POST	296	53	2.47838110091163	47	59	49.0574324324324	4.00847561737379	3.94256756756757	3.54918164291463	1481, 3009, 3076, 2085, 592	6793, 3450
SURG	148	53	2.48259245671182	47	59	45.0067567567568	5.973292738893	7.99324324324324	6.07268516029577	208, 423, 390, 207, 57	337, 948
