Menopause_group	Sample_size	Age_mean	Age_sd	Age_min	Age_max	Age_menopause_mean	Age_menopause_sd	Time_since_menopause_mean	Time_since_menopause_sd	Income_counts	HRT_counts
PRE	134	52.9328358208955	2.46234120878518	47	59					46, 103, 190, 250, 85	674, 0
POST	268	52.9328358208955	2.45772575728821	47	59	49.3059701492537	3.78193540199636	3.65298507462687	3.76795457677774	1053, 2320, 2414, 1705, 500	5388, 2604
SURG	134	52.9328358208955	2.46234120878518	47	59	44.5970149253731	6.00140259669314	7.85185185185185	6.00450922675043	132, 284, 277, 155, 46	181, 713
