Menopause_group	Sample_size	Age_mean	Age_sd	Age_min	Age_max	Age_menopause_mean	Age_menopause_sd	Time_since_menopause_mean	Time_since_menopause_sd	Income_counts	HRT_counts
POST	1283	64.8511301636789	6.76382076511779	47	80	50.3990646921278	4.72336764741314	14.4520654715511	7.91421448864694	1481, 3009, 3076, 2085, 592	6793, 3450
SURG	1283	64.8511301636789	6.76382076511779	47	80	48.9618082618862	8.37941578489367	15.8893219017927	9.21854112936883	208, 423, 390, 207, 57	337, 948
