Menopause_group	Sample_size	Age_mean	Age_sd	Age_min	Age_max	Age_menopause_mean	Age_menopause_sd	Time_since_menopause_mean	Time_since_menopause_sd	Income_counts	HRT_counts
POST	1084	64.309963099631	6.78667509291074	47	79	50.3459409594096	4.59568147483239	13.9640221402214	7.9236661109915	1039, 2272, 2362, 1685, 494	5319, 2533
SURG	1084	64.309963099631	6.78667509291074	47	79	48.4409594095941	8.08811248819028	15.8690036900369	9.09097339916909	158, 345, 344, 186, 53	267, 819
