Menopause_group	Sample_size	Age_mean	Age_sd	Age_min	Age_max	Age_menopause_mean	Age_menopause_sd	Time_since_menopause_mean	Time_since_menopause_sd	Income_counts	HRT_counts
PRE	668	50.8907185628743	2.35621684140761	45	59					46, 103, 190, 250, 85	674, 0
POST	3007	55.4901895576987	2.67597306916883	47	59	49.6604589291653	4.49574088998978	5.82973062853342	4.67694982240781	1039, 2272, 2362, 1685, 494	5319, 2533
