Menopause_group	Sample_size	Age_mean	Age_sd	Age_min	Age_max	Age_menopause_mean	Age_menopause_sd	Time_since_menopause_mean	Time_since_menopause_sd	Income_counts	HRT_counts
PRE	135	53.6740740740741	2.29480148925111	48	59					55, 110, 209, 290, 95	759, 0
POST	285	54.5368421052632	2.52512944717325	48	59	45.6701754385965	4.06245107932758	8.86666666666667	3.15164462618571	1481, 3009, 3076, 2085, 592	6793, 3450
SURG	150	55.3133333333333	2.47710771663669	50	59	42.66	5.46720546261706	12.6533333333333	5.25840543705905	208, 423, 390, 207, 57	337, 948
