Menopause_group	Sample_size	Age_mean	Age_sd	Age_min	Age_max	Age_menopause_mean	Age_menopause_sd	Time_since_menopause_mean	Time_since_menopause_sd	Income_counts	HRT_counts
PRE	145	53.551724137931	2.10135880140935	48	59					46, 103, 190, 250, 85	674, 0
POST	301	54.5581395348837	2.53524000056506	48	59	45.2990033222591	4.61991691880445	9.25913621262458	3.8504490540781	1039, 2272, 2362, 1685, 494	5319, 2533
SURG	156	55.4935897435898	2.55139884433263	48	59	42.7884615384615	5.24374849349464	12.7051282051282	5.03307505403868	158, 345, 344, 186, 53	267, 819
