Name	Sample	coef	pval
Age_meno	D	-0.00427907595423144	0.805557923208059
Age_meno_POST	D	0.0114279455424735	0.630100705115165
Age_meno_SURG	D	-0.0157123784911004	0.539335548444204
Age_meno_groupInter	D	-0.025935153444379	0.499152974732745
HRT_covGroup	D	0.0243288102412059	0.510832337055215
HRT_inPOST	D	0.026982621165949	0.583844979241575
HRT_inSURG	D	0.0179520879453343	0.749758955337153
HRT_groupInter	D	0.0059756111407948	0.933209267440652
HRT_ageMenoInter	D	0.00714772295951466	0.173866392979934
